miner,config,batch_id,drift_score,drift_band,quality_score,base_contamination,adaptive_formula,effective_param,base_eps,corr_threshold
IsolationForest,"base=0.05,formula=fixed",1,0.0,low,0.9483146067415731,0.05,fixed,0.05,,
IsolationForest,"base=0.05,formula=fixed",2,0.0,low,0.9493569131832797,0.05,fixed,0.05,,
IsolationForest,"base=0.05,formula=fixed",3,0.0,low,0.9495586380832283,0.05,fixed,0.05,,
IsolationForest,"base=0.05,formula=fixed",4,0.0,low,0.9503105590062112,0.05,fixed,0.05,,
IsolationForest,"base=0.05,formula=fixed",5,0.0,low,0.949238578680203,0.05,fixed,0.05,,
IsolationForest,"base=0.05,formula=fixed",6,0.0,low,0.95,0.05,fixed,0.05,,
IsolationForest,"base=0.05,formula=fixed",7,0.0,low,0.9499031275947966,0.05,fixed,0.05,,
IsolationForest,"base=0.05,formula=fixed",8,0.0,low,0.9489795918367347,0.05,fixed,0.05,,
IsolationForest,"base=0.05,formula=fixed",9,0.0,low,0.948936170212766,0.05,fixed,0.05,,
IsolationForest,"base=0.05,formula=fixed",10,0.0,low,0.95,0.05,fixed,0.05,,
IsolationForest,"base=0.05,formula=linear_0.20",1,0.0,low,0.9483146067415731,0.05,linear_0.20,0.05,,
IsolationForest,"base=0.05,formula=linear_0.20",2,0.0,low,0.9493569131832797,0.05,linear_0.20,0.05,,
IsolationForest,"base=0.05,formula=linear_0.20",3,0.0,low,0.9495586380832283,0.05,linear_0.20,0.05,,
IsolationForest,"base=0.05,formula=linear_0.20",4,0.0,low,0.9503105590062112,0.05,linear_0.20,0.05,,
IsolationForest,"base=0.05,formula=linear_0.20",5,0.0,low,0.949238578680203,0.05,linear_0.20,0.05,,
IsolationForest,"base=0.05,formula=linear_0.20",6,0.0,low,0.95,0.05,linear_0.20,0.05,,
IsolationForest,"base=0.05,formula=linear_0.20",7,0.0,low,0.9499031275947966,0.05,linear_0.20,0.05,,
IsolationForest,"base=0.05,formula=linear_0.20",8,0.0,low,0.9489795918367347,0.05,linear_0.20,0.05,,
IsolationForest,"base=0.05,formula=linear_0.20",9,0.0,low,0.948936170212766,0.05,linear_0.20,0.05,,
IsolationForest,"base=0.05,formula=linear_0.20",10,0.0,low,0.95,0.05,linear_0.20,0.05,,
IsolationForest,"base=0.05,formula=linear_0.30",1,0.0,low,0.9483146067415731,0.05,linear_0.30,0.05,,
IsolationForest,"base=0.05,formula=linear_0.30",2,0.0,low,0.9493569131832797,0.05,linear_0.30,0.05,,
IsolationForest,"base=0.05,formula=linear_0.30",3,0.0,low,0.9495586380832283,0.05,linear_0.30,0.05,,
IsolationForest,"base=0.05,formula=linear_0.30",4,0.0,low,0.9503105590062112,0.05,linear_0.30,0.05,,
IsolationForest,"base=0.05,formula=linear_0.30",5,0.0,low,0.949238578680203,0.05,linear_0.30,0.05,,
IsolationForest,"base=0.05,formula=linear_0.30",6,0.0,low,0.95,0.05,linear_0.30,0.05,,
IsolationForest,"base=0.05,formula=linear_0.30",7,0.0,low,0.9499031275947966,0.05,linear_0.30,0.05,,
IsolationForest,"base=0.05,formula=linear_0.30",8,0.0,low,0.9489795918367347,0.05,linear_0.30,0.05,,
IsolationForest,"base=0.05,formula=linear_0.30",9,0.0,low,0.948936170212766,0.05,linear_0.30,0.05,,
IsolationForest,"base=0.05,formula=linear_0.30",10,0.0,low,0.95,0.05,linear_0.30,0.05,,
IsolationForest,"base=0.05,formula=linear_0.15",1,0.0,low,0.9483146067415731,0.05,linear_0.15,0.05,,
IsolationForest,"base=0.05,formula=linear_0.15",2,0.0,low,0.9493569131832797,0.05,linear_0.15,0.05,,
IsolationForest,"base=0.05,formula=linear_0.15",3,0.0,low,0.9495586380832283,0.05,linear_0.15,0.05,,
IsolationForest,"base=0.05,formula=linear_0.15",4,0.0,low,0.9503105590062112,0.05,linear_0.15,0.05,,
IsolationForest,"base=0.05,formula=linear_0.15",5,0.0,low,0.949238578680203,0.05,linear_0.15,0.05,,
IsolationForest,"base=0.05,formula=linear_0.15",6,0.0,low,0.95,0.05,linear_0.15,0.05,,
IsolationForest,"base=0.05,formula=linear_0.15",7,0.0,low,0.9499031275947966,0.05,linear_0.15,0.05,,
IsolationForest,"base=0.05,formula=linear_0.15",8,0.0,low,0.9489795918367347,0.05,linear_0.15,0.05,,
IsolationForest,"base=0.05,formula=linear_0.15",9,0.0,low,0.948936170212766,0.05,linear_0.15,0.05,,
IsolationForest,"base=0.05,formula=linear_0.15",10,0.0,low,0.95,0.05,linear_0.15,0.05,,
IsolationForest,"base=0.1,formula=fixed",1,0.0,low,0.898876404494382,0.1,fixed,0.1,,
IsolationForest,"base=0.1,formula=fixed",2,0.0,low,0.8995176848874598,0.1,fixed,0.1,,
IsolationForest,"base=0.1,formula=fixed",3,0.0,low,0.8997477931904161,0.1,fixed,0.1,,
IsolationForest,"base=0.1,formula=fixed",4,0.0,low,0.9006211180124224,0.1,fixed,0.1,,
IsolationForest,"base=0.1,formula=fixed",5,0.0,low,0.8984771573604061,0.1,fixed,0.1,,
IsolationForest,"base=0.1,formula=fixed",6,0.0,low,0.9,0.1,fixed,0.1,,
IsolationForest,"base=0.1,formula=fixed",7,0.0,low,0.8998062551895931,0.1,fixed,0.1,,
IsolationForest,"base=0.1,formula=fixed",8,0.0,low,0.8979591836734694,0.1,fixed,0.1,,
IsolationForest,"base=0.1,formula=fixed",9,0.0,low,0.9,0.1,fixed,0.1,,
IsolationForest,"base=0.1,formula=fixed",10,0.0,low,0.9,0.1,fixed,0.1,,
IsolationForest,"base=0.1,formula=linear_0.20",1,0.0,low,0.898876404494382,0.1,linear_0.20,0.1,,
IsolationForest,"base=0.1,formula=linear_0.20",2,0.0,low,0.8995176848874598,0.1,linear_0.20,0.1,,
IsolationForest,"base=0.1,formula=linear_0.20",3,0.0,low,0.8997477931904161,0.1,linear_0.20,0.1,,
IsolationForest,"base=0.1,formula=linear_0.20",4,0.0,low,0.9006211180124224,0.1,linear_0.20,0.1,,
IsolationForest,"base=0.1,formula=linear_0.20",5,0.0,low,0.8984771573604061,0.1,linear_0.20,0.1,,
IsolationForest,"base=0.1,formula=linear_0.20",6,0.0,low,0.9,0.1,linear_0.20,0.1,,
IsolationForest,"base=0.1,formula=linear_0.20",7,0.0,low,0.8998062551895931,0.1,linear_0.20,0.1,,
IsolationForest,"base=0.1,formula=linear_0.20",8,0.0,low,0.8979591836734694,0.1,linear_0.20,0.1,,
IsolationForest,"base=0.1,formula=linear_0.20",9,0.0,low,0.9,0.1,linear_0.20,0.1,,
IsolationForest,"base=0.1,formula=linear_0.20",10,0.0,low,0.9,0.1,linear_0.20,0.1,,
IsolationForest,"base=0.1,formula=linear_0.30",1,0.0,low,0.898876404494382,0.1,linear_0.30,0.1,,
IsolationForest,"base=0.1,formula=linear_0.30",2,0.0,low,0.8995176848874598,0.1,linear_0.30,0.1,,
IsolationForest,"base=0.1,formula=linear_0.30",3,0.0,low,0.8997477931904161,0.1,linear_0.30,0.1,,
IsolationForest,"base=0.1,formula=linear_0.30",4,0.0,low,0.9006211180124224,0.1,linear_0.30,0.1,,
IsolationForest,"base=0.1,formula=linear_0.30",5,0.0,low,0.8984771573604061,0.1,linear_0.30,0.1,,
IsolationForest,"base=0.1,formula=linear_0.30",6,0.0,low,0.9,0.1,linear_0.30,0.1,,
IsolationForest,"base=0.1,formula=linear_0.30",7,0.0,low,0.8998062551895931,0.1,linear_0.30,0.1,,
IsolationForest,"base=0.1,formula=linear_0.30",8,0.0,low,0.8979591836734694,0.1,linear_0.30,0.1,,
IsolationForest,"base=0.1,formula=linear_0.30",9,0.0,low,0.9,0.1,linear_0.30,0.1,,
IsolationForest,"base=0.1,formula=linear_0.30",10,0.0,low,0.9,0.1,linear_0.30,0.1,,
IsolationForest,"base=0.1,formula=linear_0.15",1,0.0,low,0.898876404494382,0.1,linear_0.15,0.1,,
IsolationForest,"base=0.1,formula=linear_0.15",2,0.0,low,0.8995176848874598,0.1,linear_0.15,0.1,,
IsolationForest,"base=0.1,formula=linear_0.15",3,0.0,low,0.8997477931904161,0.1,linear_0.15,0.1,,
IsolationForest,"base=0.1,formula=linear_0.15",4,0.0,low,0.9006211180124224,0.1,linear_0.15,0.1,,
IsolationForest,"base=0.1,formula=linear_0.15",5,0.0,low,0.8984771573604061,0.1,linear_0.15,0.1,,
IsolationForest,"base=0.1,formula=linear_0.15",6,0.0,low,0.9,0.1,linear_0.15,0.1,,
IsolationForest,"base=0.1,formula=linear_0.15",7,0.0,low,0.8998062551895931,0.1,linear_0.15,0.1,,
IsolationForest,"base=0.1,formula=linear_0.15",8,0.0,low,0.8979591836734694,0.1,linear_0.15,0.1,,
IsolationForest,"base=0.1,formula=linear_0.15",9,0.0,low,0.9,0.1,linear_0.15,0.1,,
IsolationForest,"base=0.1,formula=linear_0.15",10,0.0,low,0.9,0.1,linear_0.15,0.1,,
IsolationForest,"base=0.15,formula=fixed",1,0.0,low,0.849438202247191,0.15,fixed,0.15,,
IsolationForest,"base=0.15,formula=fixed",2,0.0,low,0.8496784565916399,0.15,fixed,0.15,,
IsolationForest,"base=0.15,formula=fixed",3,0.0,low,0.849936948297604,0.15,fixed,0.15,,
IsolationForest,"base=0.15,formula=fixed",4,0.0,low,0.8509316770186335,0.15,fixed,0.15,,
IsolationForest,"base=0.15,formula=fixed",5,0.0,low,0.8477157360406091,0.15,fixed,0.15,,
IsolationForest,"base=0.15,formula=fixed",6,0.0,low,0.85,0.15,fixed,0.15,,
IsolationForest,"base=0.15,formula=fixed",7,0.0,low,0.8499861610849709,0.15,fixed,0.15,,
IsolationForest,"base=0.15,formula=fixed",8,0.0,low,0.8503401360544218,0.15,fixed,0.15,,
IsolationForest,"base=0.15,formula=fixed",9,0.0,low,0.848936170212766,0.15,fixed,0.15,,
IsolationForest,"base=0.15,formula=fixed",10,0.0,low,0.85,0.15,fixed,0.15,,
IsolationForest,"base=0.15,formula=linear_0.20",1,0.0,low,0.849438202247191,0.15,linear_0.20,0.15,,
IsolationForest,"base=0.15,formula=linear_0.20",2,0.0,low,0.8496784565916399,0.15,linear_0.20,0.15,,
IsolationForest,"base=0.15,formula=linear_0.20",3,0.0,low,0.849936948297604,0.15,linear_0.20,0.15,,
IsolationForest,"base=0.15,formula=linear_0.20",4,0.0,low,0.8509316770186335,0.15,linear_0.20,0.15,,
IsolationForest,"base=0.15,formula=linear_0.20",5,0.0,low,0.8477157360406091,0.15,linear_0.20,0.15,,
IsolationForest,"base=0.15,formula=linear_0.20",6,0.0,low,0.85,0.15,linear_0.20,0.15,,
IsolationForest,"base=0.15,formula=linear_0.20",7,0.0,low,0.8499861610849709,0.15,linear_0.20,0.15,,
IsolationForest,"base=0.15,formula=linear_0.20",8,0.0,low,0.8503401360544218,0.15,linear_0.20,0.15,,
IsolationForest,"base=0.15,formula=linear_0.20",9,0.0,low,0.848936170212766,0.15,linear_0.20,0.15,,
IsolationForest,"base=0.15,formula=linear_0.20",10,0.0,low,0.85,0.15,linear_0.20,0.15,,
IsolationForest,"base=0.15,formula=linear_0.30",1,0.0,low,0.849438202247191,0.15,linear_0.30,0.15,,
IsolationForest,"base=0.15,formula=linear_0.30",2,0.0,low,0.8496784565916399,0.15,linear_0.30,0.15,,
IsolationForest,"base=0.15,formula=linear_0.30",3,0.0,low,0.849936948297604,0.15,linear_0.30,0.15,,
IsolationForest,"base=0.15,formula=linear_0.30",4,0.0,low,0.8509316770186335,0.15,linear_0.30,0.15,,
IsolationForest,"base=0.15,formula=linear_0.30",5,0.0,low,0.8477157360406091,0.15,linear_0.30,0.15,,
IsolationForest,"base=0.15,formula=linear_0.30",6,0.0,low,0.85,0.15,linear_0.30,0.15,,
IsolationForest,"base=0.15,formula=linear_0.30",7,0.0,low,0.8499861610849709,0.15,linear_0.30,0.15,,
IsolationForest,"base=0.15,formula=linear_0.30",8,0.0,low,0.8503401360544218,0.15,linear_0.30,0.15,,
IsolationForest,"base=0.15,formula=linear_0.30",9,0.0,low,0.848936170212766,0.15,linear_0.30,0.15,,
IsolationForest,"base=0.15,formula=linear_0.30",10,0.0,low,0.85,0.15,linear_0.30,0.15,,
IsolationForest,"base=0.15,formula=linear_0.15",1,0.0,low,0.849438202247191,0.15,linear_0.15,0.15,,
IsolationForest,"base=0.15,formula=linear_0.15",2,0.0,low,0.8496784565916399,0.15,linear_0.15,0.15,,
IsolationForest,"base=0.15,formula=linear_0.15",3,0.0,low,0.849936948297604,0.15,linear_0.15,0.15,,
IsolationForest,"base=0.15,formula=linear_0.15",4,0.0,low,0.8509316770186335,0.15,linear_0.15,0.15,,
IsolationForest,"base=0.15,formula=linear_0.15",5,0.0,low,0.8477157360406091,0.15,linear_0.15,0.15,,
IsolationForest,"base=0.15,formula=linear_0.15",6,0.0,low,0.85,0.15,linear_0.15,0.15,,
IsolationForest,"base=0.15,formula=linear_0.15",7,0.0,low,0.8499861610849709,0.15,linear_0.15,0.15,,
IsolationForest,"base=0.15,formula=linear_0.15",8,0.0,low,0.8503401360544218,0.15,linear_0.15,0.15,,
IsolationForest,"base=0.15,formula=linear_0.15",9,0.0,low,0.848936170212766,0.15,linear_0.15,0.15,,
IsolationForest,"base=0.15,formula=linear_0.15",10,0.0,low,0.85,0.15,linear_0.15,0.15,,
IsolationForest,"base=0.2,formula=fixed",1,0.0,low,0.8,0.2,fixed,0.2,,
IsolationForest,"base=0.2,formula=fixed",2,0.0,low,0.79983922829582,0.2,fixed,0.2,,
IsolationForest,"base=0.2,formula=fixed",3,0.0,low,0.800126103404792,0.2,fixed,0.2,,
IsolationForest,"base=0.2,formula=fixed",4,0.0,low,0.8012422360248448,0.2,fixed,0.2,,
IsolationForest,"base=0.2,formula=fixed",5,0.0,low,0.7969543147208122,0.2,fixed,0.2,,
IsolationForest,"base=0.2,formula=fixed",6,0.0,low,0.8,0.2,fixed,0.2,,
IsolationForest,"base=0.2,formula=fixed",7,0.0,low,0.7998892886797675,0.2,fixed,0.2,,
IsolationForest,"base=0.2,formula=fixed",8,0.0,low,0.7993197278911565,0.2,fixed,0.2,,
IsolationForest,"base=0.2,formula=fixed",9,0.0,low,0.8,0.2,fixed,0.2,,
IsolationForest,"base=0.2,formula=fixed",10,0.0,low,0.8,0.2,fixed,0.2,,
IsolationForest,"base=0.2,formula=linear_0.20",1,0.0,low,0.8,0.2,linear_0.20,0.2,,
IsolationForest,"base=0.2,formula=linear_0.20",2,0.0,low,0.79983922829582,0.2,linear_0.20,0.2,,
IsolationForest,"base=0.2,formula=linear_0.20",3,0.0,low,0.800126103404792,0.2,linear_0.20,0.2,,
IsolationForest,"base=0.2,formula=linear_0.20",4,0.0,low,0.8012422360248448,0.2,linear_0.20,0.2,,
IsolationForest,"base=0.2,formula=linear_0.20",5,0.0,low,0.7969543147208122,0.2,linear_0.20,0.2,,
IsolationForest,"base=0.2,formula=linear_0.20",6,0.0,low,0.8,0.2,linear_0.20,0.2,,
IsolationForest,"base=0.2,formula=linear_0.20",7,0.0,low,0.7998892886797675,0.2,linear_0.20,0.2,,
IsolationForest,"base=0.2,formula=linear_0.20",8,0.0,low,0.7993197278911565,0.2,linear_0.20,0.2,,
IsolationForest,"base=0.2,formula=linear_0.20",9,0.0,low,0.8,0.2,linear_0.20,0.2,,
IsolationForest,"base=0.2,formula=linear_0.20",10,0.0,low,0.8,0.2,linear_0.20,0.2,,
IsolationForest,"base=0.2,formula=linear_0.30",1,0.0,low,0.8,0.2,linear_0.30,0.2,,
IsolationForest,"base=0.2,formula=linear_0.30",2,0.0,low,0.79983922829582,0.2,linear_0.30,0.2,,
IsolationForest,"base=0.2,formula=linear_0.30",3,0.0,low,0.800126103404792,0.2,linear_0.30,0.2,,
IsolationForest,"base=0.2,formula=linear_0.30",4,0.0,low,0.8012422360248448,0.2,linear_0.30,0.2,,
IsolationForest,"base=0.2,formula=linear_0.30",5,0.0,low,0.7969543147208122,0.2,linear_0.30,0.2,,
IsolationForest,"base=0.2,formula=linear_0.30",6,0.0,low,0.8,0.2,linear_0.30,0.2,,
IsolationForest,"base=0.2,formula=linear_0.30",7,0.0,low,0.7998892886797675,0.2,linear_0.30,0.2,,
IsolationForest,"base=0.2,formula=linear_0.30",8,0.0,low,0.7993197278911565,0.2,linear_0.30,0.2,,
IsolationForest,"base=0.2,formula=linear_0.30",9,0.0,low,0.8,0.2,linear_0.30,0.2,,
IsolationForest,"base=0.2,formula=linear_0.30",10,0.0,low,0.8,0.2,linear_0.30,0.2,,
IsolationForest,"base=0.2,formula=linear_0.15",1,0.0,low,0.8,0.2,linear_0.15,0.2,,
IsolationForest,"base=0.2,formula=linear_0.15",2,0.0,low,0.79983922829582,0.2,linear_0.15,0.2,,
IsolationForest,"base=0.2,formula=linear_0.15",3,0.0,low,0.800126103404792,0.2,linear_0.15,0.2,,
IsolationForest,"base=0.2,formula=linear_0.15",4,0.0,low,0.8012422360248448,0.2,linear_0.15,0.2,,
IsolationForest,"base=0.2,formula=linear_0.15",5,0.0,low,0.7969543147208122,0.2,linear_0.15,0.2,,
IsolationForest,"base=0.2,formula=linear_0.15",6,0.0,low,0.8,0.2,linear_0.15,0.2,,
IsolationForest,"base=0.2,formula=linear_0.15",7,0.0,low,0.7998892886797675,0.2,linear_0.15,0.2,,
IsolationForest,"base=0.2,formula=linear_0.15",8,0.0,low,0.7993197278911565,0.2,linear_0.15,0.2,,
IsolationForest,"base=0.2,formula=linear_0.15",9,0.0,low,0.8,0.2,linear_0.15,0.2,,
IsolationForest,"base=0.2,formula=linear_0.15",10,0.0,low,0.8,0.2,linear_0.15,0.2,,
IsolationForest,"base=0.25,formula=fixed",1,0.0,low,0.750561797752809,0.25,fixed,0.25,,
IsolationForest,"base=0.25,formula=fixed",2,0.0,low,0.75,0.25,fixed,0.25,,
IsolationForest,"base=0.25,formula=fixed",3,0.0,low,0.7496847414880201,0.25,fixed,0.25,,
IsolationForest,"base=0.25,formula=fixed",4,0.0,low,0.7515527950310559,0.25,fixed,0.25,,
IsolationForest,"base=0.25,formula=fixed",5,0.0,low,0.751269035532995,0.25,fixed,0.25,,
IsolationForest,"base=0.25,formula=fixed",6,0.0,low,0.75,0.25,fixed,0.25,,
IsolationForest,"base=0.25,formula=fixed",7,0.0,low,0.7500691945751453,0.25,fixed,0.25,,
IsolationForest,"base=0.25,formula=fixed",8,0.0,low,0.7482993197278911,0.25,fixed,0.25,,
IsolationForest,"base=0.25,formula=fixed",9,0.0,low,0.7489361702127659,0.25,fixed,0.25,,
IsolationForest,"base=0.25,formula=fixed",10,0.0,low,0.75,0.25,fixed,0.25,,
IsolationForest,"base=0.25,formula=linear_0.20",1,0.0,low,0.750561797752809,0.25,linear_0.20,0.25,,
IsolationForest,"base=0.25,formula=linear_0.20",2,0.0,low,0.75,0.25,linear_0.20,0.25,,
IsolationForest,"base=0.25,formula=linear_0.20",3,0.0,low,0.7496847414880201,0.25,linear_0.20,0.25,,
IsolationForest,"base=0.25,formula=linear_0.20",4,0.0,low,0.7515527950310559,0.25,linear_0.20,0.25,,
IsolationForest,"base=0.25,formula=linear_0.20",5,0.0,low,0.751269035532995,0.25,linear_0.20,0.25,,
IsolationForest,"base=0.25,formula=linear_0.20",6,0.0,low,0.75,0.25,linear_0.20,0.25,,
IsolationForest,"base=0.25,formula=linear_0.20",7,0.0,low,0.7500691945751453,0.25,linear_0.20,0.25,,
IsolationForest,"base=0.25,formula=linear_0.20",8,0.0,low,0.7482993197278911,0.25,linear_0.20,0.25,,
IsolationForest,"base=0.25,formula=linear_0.20",9,0.0,low,0.7489361702127659,0.25,linear_0.20,0.25,,
IsolationForest,"base=0.25,formula=linear_0.20",10,0.0,low,0.75,0.25,linear_0.20,0.25,,
IsolationForest,"base=0.25,formula=linear_0.30",1,0.0,low,0.750561797752809,0.25,linear_0.30,0.25,,
IsolationForest,"base=0.25,formula=linear_0.30",2,0.0,low,0.75,0.25,linear_0.30,0.25,,
IsolationForest,"base=0.25,formula=linear_0.30",3,0.0,low,0.7496847414880201,0.25,linear_0.30,0.25,,
IsolationForest,"base=0.25,formula=linear_0.30",4,0.0,low,0.7515527950310559,0.25,linear_0.30,0.25,,
IsolationForest,"base=0.25,formula=linear_0.30",5,0.0,low,0.751269035532995,0.25,linear_0.30,0.25,,
IsolationForest,"base=0.25,formula=linear_0.30",6,0.0,low,0.75,0.25,linear_0.30,0.25,,
IsolationForest,"base=0.25,formula=linear_0.30",7,0.0,low,0.7500691945751453,0.25,linear_0.30,0.25,,
IsolationForest,"base=0.25,formula=linear_0.30",8,0.0,low,0.7482993197278911,0.25,linear_0.30,0.25,,
IsolationForest,"base=0.25,formula=linear_0.30",9,0.0,low,0.7489361702127659,0.25,linear_0.30,0.25,,
IsolationForest,"base=0.25,formula=linear_0.30",10,0.0,low,0.75,0.25,linear_0.30,0.25,,
IsolationForest,"base=0.25,formula=linear_0.15",1,0.0,low,0.750561797752809,0.25,linear_0.15,0.25,,
IsolationForest,"base=0.25,formula=linear_0.15",2,0.0,low,0.75,0.25,linear_0.15,0.25,,
IsolationForest,"base=0.25,formula=linear_0.15",3,0.0,low,0.7496847414880201,0.25,linear_0.15,0.25,,
IsolationForest,"base=0.25,formula=linear_0.15",4,0.0,low,0.7515527950310559,0.25,linear_0.15,0.25,,
IsolationForest,"base=0.25,formula=linear_0.15",5,0.0,low,0.751269035532995,0.25,linear_0.15,0.25,,
IsolationForest,"base=0.25,formula=linear_0.15",6,0.0,low,0.75,0.25,linear_0.15,0.25,,
IsolationForest,"base=0.25,formula=linear_0.15",7,0.0,low,0.7500691945751453,0.25,linear_0.15,0.25,,
IsolationForest,"base=0.25,formula=linear_0.15",8,0.0,low,0.7482993197278911,0.25,linear_0.15,0.25,,
IsolationForest,"base=0.25,formula=linear_0.15",9,0.0,low,0.7489361702127659,0.25,linear_0.15,0.25,,
IsolationForest,"base=0.25,formula=linear_0.15",10,0.0,low,0.75,0.25,linear_0.15,0.25,,
IsolationForest,"base=0.3,formula=fixed",1,0.0,low,0.698876404494382,0.3,fixed,0.3,,
IsolationForest,"base=0.3,formula=fixed",2,0.0,low,0.70016077170418,0.3,fixed,0.3,,
IsolationForest,"base=0.3,formula=fixed",3,0.0,low,0.699873896595208,0.3,fixed,0.3,,
IsolationForest,"base=0.3,formula=fixed",4,0.0,low,0.7018633540372671,0.3,fixed,0.3,,
IsolationForest,"base=0.3,formula=fixed",5,0.0,low,0.700507614213198,0.3,fixed,0.3,,
IsolationForest,"base=0.3,formula=fixed",6,0.0,low,0.7,0.3,fixed,0.3,,
IsolationForest,"base=0.3,formula=fixed",7,0.0,low,0.6999723221699419,0.3,fixed,0.3,,
IsolationForest,"base=0.3,formula=fixed",8,0.0,low,0.7006802721088435,0.3,fixed,0.3,,
IsolationForest,"base=0.3,formula=fixed",9,0.0,low,0.7,0.3,fixed,0.3,,
IsolationForest,"base=0.3,formula=fixed",10,0.0,low,0.7,0.3,fixed,0.3,,
IsolationForest,"base=0.3,formula=linear_0.20",1,0.0,low,0.698876404494382,0.3,linear_0.20,0.3,,
IsolationForest,"base=0.3,formula=linear_0.20",2,0.0,low,0.70016077170418,0.3,linear_0.20,0.3,,
IsolationForest,"base=0.3,formula=linear_0.20",3,0.0,low,0.699873896595208,0.3,linear_0.20,0.3,,
IsolationForest,"base=0.3,formula=linear_0.20",4,0.0,low,0.7018633540372671,0.3,linear_0.20,0.3,,
IsolationForest,"base=0.3,formula=linear_0.20",5,0.0,low,0.700507614213198,0.3,linear_0.20,0.3,,
IsolationForest,"base=0.3,formula=linear_0.20",6,0.0,low,0.7,0.3,linear_0.20,0.3,,
IsolationForest,"base=0.3,formula=linear_0.20",7,0.0,low,0.6999723221699419,0.3,linear_0.20,0.3,,
IsolationForest,"base=0.3,formula=linear_0.20",8,0.0,low,0.7006802721088435,0.3,linear_0.20,0.3,,
IsolationForest,"base=0.3,formula=linear_0.20",9,0.0,low,0.7,0.3,linear_0.20,0.3,,
IsolationForest,"base=0.3,formula=linear_0.20",10,0.0,low,0.7,0.3,linear_0.20,0.3,,
IsolationForest,"base=0.3,formula=linear_0.30",1,0.0,low,0.698876404494382,0.3,linear_0.30,0.3,,
IsolationForest,"base=0.3,formula=linear_0.30",2,0.0,low,0.70016077170418,0.3,linear_0.30,0.3,,
IsolationForest,"base=0.3,formula=linear_0.30",3,0.0,low,0.699873896595208,0.3,linear_0.30,0.3,,
IsolationForest,"base=0.3,formula=linear_0.30",4,0.0,low,0.7018633540372671,0.3,linear_0.30,0.3,,
IsolationForest,"base=0.3,formula=linear_0.30",5,0.0,low,0.700507614213198,0.3,linear_0.30,0.3,,
IsolationForest,"base=0.3,formula=linear_0.30",6,0.0,low,0.7,0.3,linear_0.30,0.3,,
IsolationForest,"base=0.3,formula=linear_0.30",7,0.0,low,0.6999723221699419,0.3,linear_0.30,0.3,,
IsolationForest,"base=0.3,formula=linear_0.30",8,0.0,low,0.7006802721088435,0.3,linear_0.30,0.3,,
IsolationForest,"base=0.3,formula=linear_0.30",9,0.0,low,0.7,0.3,linear_0.30,0.3,,
IsolationForest,"base=0.3,formula=linear_0.30",10,0.0,low,0.7,0.3,linear_0.30,0.3,,
IsolationForest,"base=0.3,formula=linear_0.15",1,0.0,low,0.698876404494382,0.3,linear_0.15,0.3,,
IsolationForest,"base=0.3,formula=linear_0.15",2,0.0,low,0.70016077170418,0.3,linear_0.15,0.3,,
IsolationForest,"base=0.3,formula=linear_0.15",3,0.0,low,0.699873896595208,0.3,linear_0.15,0.3,,
IsolationForest,"base=0.3,formula=linear_0.15",4,0.0,low,0.7018633540372671,0.3,linear_0.15,0.3,,
IsolationForest,"base=0.3,formula=linear_0.15",5,0.0,low,0.700507614213198,0.3,linear_0.15,0.3,,
IsolationForest,"base=0.3,formula=linear_0.15",6,0.0,low,0.7,0.3,linear_0.15,0.3,,
IsolationForest,"base=0.3,formula=linear_0.15",7,0.0,low,0.6999723221699419,0.3,linear_0.15,0.3,,
IsolationForest,"base=0.3,formula=linear_0.15",8,0.0,low,0.7006802721088435,0.3,linear_0.15,0.3,,
IsolationForest,"base=0.3,formula=linear_0.15",9,0.0,low,0.7,0.3,linear_0.15,0.3,,
IsolationForest,"base=0.3,formula=linear_0.15",10,0.0,low,0.7,0.3,linear_0.15,0.3,,
IsolationForest,"base=0.35,formula=fixed",1,0.0,low,0.649438202247191,0.35,fixed,0.35,,
IsolationForest,"base=0.35,formula=fixed",2,0.0,low,0.6495176848874598,0.35,fixed,0.35,,
IsolationForest,"base=0.35,formula=fixed",3,0.0,low,0.650063051702396,0.35,fixed,0.35,,
IsolationForest,"base=0.35,formula=fixed",4,0.0,low,0.6521739130434783,0.35,fixed,0.35,,
IsolationForest,"base=0.35,formula=fixed",5,0.0,low,0.649746192893401,0.35,fixed,0.35,,
IsolationForest,"base=0.35,formula=fixed",6,0.0,low,0.65,0.35,fixed,0.35,,
IsolationForest,"base=0.35,formula=fixed",7,0.0,low,0.6498754497647384,0.35,fixed,0.35,,
IsolationForest,"base=0.35,formula=fixed",8,0.0,low,0.6496598639455782,0.35,fixed,0.35,,
IsolationForest,"base=0.35,formula=fixed",9,0.0,low,0.648936170212766,0.35,fixed,0.35,,
IsolationForest,"base=0.35,formula=fixed",10,0.0,low,0.65,0.35,fixed,0.35,,
IsolationForest,"base=0.35,formula=linear_0.20",1,0.0,low,0.649438202247191,0.35,linear_0.20,0.35,,
IsolationForest,"base=0.35,formula=linear_0.20",2,0.0,low,0.6495176848874598,0.35,linear_0.20,0.35,,
IsolationForest,"base=0.35,formula=linear_0.20",3,0.0,low,0.650063051702396,0.35,linear_0.20,0.35,,
IsolationForest,"base=0.35,formula=linear_0.20",4,0.0,low,0.6521739130434783,0.35,linear_0.20,0.35,,
IsolationForest,"base=0.35,formula=linear_0.20",5,0.0,low,0.649746192893401,0.35,linear_0.20,0.35,,
IsolationForest,"base=0.35,formula=linear_0.20",6,0.0,low,0.65,0.35,linear_0.20,0.35,,
IsolationForest,"base=0.35,formula=linear_0.20",7,0.0,low,0.6498754497647384,0.35,linear_0.20,0.35,,
IsolationForest,"base=0.35,formula=linear_0.20",8,0.0,low,0.6496598639455782,0.35,linear_0.20,0.35,,
IsolationForest,"base=0.35,formula=linear_0.20",9,0.0,low,0.648936170212766,0.35,linear_0.20,0.35,,
IsolationForest,"base=0.35,formula=linear_0.20",10,0.0,low,0.65,0.35,linear_0.20,0.35,,
IsolationForest,"base=0.35,formula=linear_0.30",1,0.0,low,0.649438202247191,0.35,linear_0.30,0.35,,
IsolationForest,"base=0.35,formula=linear_0.30",2,0.0,low,0.6495176848874598,0.35,linear_0.30,0.35,,
IsolationForest,"base=0.35,formula=linear_0.30",3,0.0,low,0.650063051702396,0.35,linear_0.30,0.35,,
IsolationForest,"base=0.35,formula=linear_0.30",4,0.0,low,0.6521739130434783,0.35,linear_0.30,0.35,,
IsolationForest,"base=0.35,formula=linear_0.30",5,0.0,low,0.649746192893401,0.35,linear_0.30,0.35,,
IsolationForest,"base=0.35,formula=linear_0.30",6,0.0,low,0.65,0.35,linear_0.30,0.35,,
IsolationForest,"base=0.35,formula=linear_0.30",7,0.0,low,0.6498754497647384,0.35,linear_0.30,0.35,,
IsolationForest,"base=0.35,formula=linear_0.30",8,0.0,low,0.6496598639455782,0.35,linear_0.30,0.35,,
IsolationForest,"base=0.35,formula=linear_0.30",9,0.0,low,0.648936170212766,0.35,linear_0.30,0.35,,
IsolationForest,"base=0.35,formula=linear_0.30",10,0.0,low,0.65,0.35,linear_0.30,0.35,,
IsolationForest,"base=0.35,formula=linear_0.15",1,0.0,low,0.649438202247191,0.35,linear_0.15,0.35,,
IsolationForest,"base=0.35,formula=linear_0.15",2,0.0,low,0.6495176848874598,0.35,linear_0.15,0.35,,
IsolationForest,"base=0.35,formula=linear_0.15",3,0.0,low,0.650063051702396,0.35,linear_0.15,0.35,,
IsolationForest,"base=0.35,formula=linear_0.15",4,0.0,low,0.6521739130434783,0.35,linear_0.15,0.35,,
IsolationForest,"base=0.35,formula=linear_0.15",5,0.0,low,0.649746192893401,0.35,linear_0.15,0.35,,
IsolationForest,"base=0.35,formula=linear_0.15",6,0.0,low,0.65,0.35,linear_0.15,0.35,,
IsolationForest,"base=0.35,formula=linear_0.15",7,0.0,low,0.6498754497647384,0.35,linear_0.15,0.35,,
IsolationForest,"base=0.35,formula=linear_0.15",8,0.0,low,0.6496598639455782,0.35,linear_0.15,0.35,,
IsolationForest,"base=0.35,formula=linear_0.15",9,0.0,low,0.648936170212766,0.35,linear_0.15,0.35,,
IsolationForest,"base=0.35,formula=linear_0.15",10,0.0,low,0.65,0.35,linear_0.15,0.35,,
IsolationForest,"base=0.4,formula=fixed",1,0.0,low,0.6,0.4,fixed,0.4,,
IsolationForest,"base=0.4,formula=fixed",2,0.0,low,0.5996784565916399,0.4,fixed,0.4,,
IsolationForest,"base=0.4,formula=fixed",3,0.0,low,0.6002522068095839,0.4,fixed,0.4,,
IsolationForest,"base=0.4,formula=fixed",4,0.0,low,0.6024844720496895,0.4,fixed,0.4,,
IsolationForest,"base=0.4,formula=fixed",5,0.0,low,0.5989847715736041,0.4,fixed,0.4,,
IsolationForest,"base=0.4,formula=fixed",6,0.0,low,0.6,0.4,fixed,0.4,,
IsolationForest,"base=0.4,formula=fixed",7,0.0,low,0.6000553556601163,0.4,fixed,0.4,,
IsolationForest,"base=0.4,formula=fixed",8,0.0,low,0.5986394557823129,0.4,fixed,0.4,,
IsolationForest,"base=0.4,formula=fixed",9,0.0,low,0.6,0.4,fixed,0.4,,
IsolationForest,"base=0.4,formula=fixed",10,0.0,low,0.6,0.4,fixed,0.4,,
IsolationForest,"base=0.4,formula=linear_0.20",1,0.0,low,0.6,0.4,linear_0.20,0.4,,
IsolationForest,"base=0.4,formula=linear_0.20",2,0.0,low,0.5996784565916399,0.4,linear_0.20,0.4,,
IsolationForest,"base=0.4,formula=linear_0.20",3,0.0,low,0.6002522068095839,0.4,linear_0.20,0.4,,
IsolationForest,"base=0.4,formula=linear_0.20",4,0.0,low,0.6024844720496895,0.4,linear_0.20,0.4,,
IsolationForest,"base=0.4,formula=linear_0.20",5,0.0,low,0.5989847715736041,0.4,linear_0.20,0.4,,
IsolationForest,"base=0.4,formula=linear_0.20",6,0.0,low,0.6,0.4,linear_0.20,0.4,,
IsolationForest,"base=0.4,formula=linear_0.20",7,0.0,low,0.6000553556601163,0.4,linear_0.20,0.4,,
IsolationForest,"base=0.4,formula=linear_0.20",8,0.0,low,0.5986394557823129,0.4,linear_0.20,0.4,,
IsolationForest,"base=0.4,formula=linear_0.20",9,0.0,low,0.6,0.4,linear_0.20,0.4,,
IsolationForest,"base=0.4,formula=linear_0.20",10,0.0,low,0.6,0.4,linear_0.20,0.4,,
IsolationForest,"base=0.4,formula=linear_0.30",1,0.0,low,0.6,0.4,linear_0.30,0.4,,
IsolationForest,"base=0.4,formula=linear_0.30",2,0.0,low,0.5996784565916399,0.4,linear_0.30,0.4,,
IsolationForest,"base=0.4,formula=linear_0.30",3,0.0,low,0.6002522068095839,0.4,linear_0.30,0.4,,
IsolationForest,"base=0.4,formula=linear_0.30",4,0.0,low,0.6024844720496895,0.4,linear_0.30,0.4,,
IsolationForest,"base=0.4,formula=linear_0.30",5,0.0,low,0.5989847715736041,0.4,linear_0.30,0.4,,
IsolationForest,"base=0.4,formula=linear_0.30",6,0.0,low,0.6,0.4,linear_0.30,0.4,,
IsolationForest,"base=0.4,formula=linear_0.30",7,0.0,low,0.6000553556601163,0.4,linear_0.30,0.4,,
IsolationForest,"base=0.4,formula=linear_0.30",8,0.0,low,0.5986394557823129,0.4,linear_0.30,0.4,,
IsolationForest,"base=0.4,formula=linear_0.30",9,0.0,low,0.6,0.4,linear_0.30,0.4,,
IsolationForest,"base=0.4,formula=linear_0.30",10,0.0,low,0.6,0.4,linear_0.30,0.4,,
IsolationForest,"base=0.4,formula=linear_0.15",1,0.0,low,0.6,0.4,linear_0.15,0.4,,
IsolationForest,"base=0.4,formula=linear_0.15",2,0.0,low,0.5996784565916399,0.4,linear_0.15,0.4,,
IsolationForest,"base=0.4,formula=linear_0.15",3,0.0,low,0.6002522068095839,0.4,linear_0.15,0.4,,
IsolationForest,"base=0.4,formula=linear_0.15",4,0.0,low,0.6024844720496895,0.4,linear_0.15,0.4,,
IsolationForest,"base=0.4,formula=linear_0.15",5,0.0,low,0.5989847715736041,0.4,linear_0.15,0.4,,
IsolationForest,"base=0.4,formula=linear_0.15",6,0.0,low,0.6,0.4,linear_0.15,0.4,,
IsolationForest,"base=0.4,formula=linear_0.15",7,0.0,low,0.6000553556601163,0.4,linear_0.15,0.4,,
IsolationForest,"base=0.4,formula=linear_0.15",8,0.0,low,0.5986394557823129,0.4,linear_0.15,0.4,,
IsolationForest,"base=0.4,formula=linear_0.15",9,0.0,low,0.6,0.4,linear_0.15,0.4,,
IsolationForest,"base=0.4,formula=linear_0.15",10,0.0,low,0.6,0.4,linear_0.15,0.4,,
IsolationForest,"base=0.45,formula=fixed",1,0.0,low,0.550561797752809,0.45,fixed,0.45,,
IsolationForest,"base=0.45,formula=fixed",2,0.0,low,0.54983922829582,0.45,fixed,0.45,,
IsolationForest,"base=0.45,formula=fixed",3,0.0,low,0.5498108448928121,0.45,fixed,0.45,,
IsolationForest,"base=0.45,formula=fixed",4,0.0,low,0.5527950310559007,0.45,fixed,0.45,,
IsolationForest,"base=0.45,formula=fixed",5,0.0,low,0.5482233502538071,0.45,fixed,0.45,,
IsolationForest,"base=0.45,formula=fixed",6,0.0,low,0.55,0.45,fixed,0.45,,
IsolationForest,"base=0.45,formula=fixed",7,0.0,low,0.5499584832549128,0.45,fixed,0.45,,
IsolationForest,"base=0.45,formula=fixed",8,0.0,low,0.5510204081632653,0.45,fixed,0.45,,
IsolationForest,"base=0.45,formula=fixed",9,0.0,low,0.548936170212766,0.45,fixed,0.45,,
IsolationForest,"base=0.45,formula=fixed",10,0.0,low,0.55,0.45,fixed,0.45,,
IsolationForest,"base=0.45,formula=linear_0.20",1,0.0,low,0.550561797752809,0.45,linear_0.20,0.45,,
IsolationForest,"base=0.45,formula=linear_0.20",2,0.0,low,0.54983922829582,0.45,linear_0.20,0.45,,
IsolationForest,"base=0.45,formula=linear_0.20",3,0.0,low,0.5498108448928121,0.45,linear_0.20,0.45,,
IsolationForest,"base=0.45,formula=linear_0.20",4,0.0,low,0.5527950310559007,0.45,linear_0.20,0.45,,
IsolationForest,"base=0.45,formula=linear_0.20",5,0.0,low,0.5482233502538071,0.45,linear_0.20,0.45,,
IsolationForest,"base=0.45,formula=linear_0.20",6,0.0,low,0.55,0.45,linear_0.20,0.45,,
IsolationForest,"base=0.45,formula=linear_0.20",7,0.0,low,0.5499584832549128,0.45,linear_0.20,0.45,,
IsolationForest,"base=0.45,formula=linear_0.20",8,0.0,low,0.5510204081632653,0.45,linear_0.20,0.45,,
IsolationForest,"base=0.45,formula=linear_0.20",9,0.0,low,0.548936170212766,0.45,linear_0.20,0.45,,
IsolationForest,"base=0.45,formula=linear_0.20",10,0.0,low,0.55,0.45,linear_0.20,0.45,,
IsolationForest,"base=0.45,formula=linear_0.30",1,0.0,low,0.550561797752809,0.45,linear_0.30,0.45,,
IsolationForest,"base=0.45,formula=linear_0.30",2,0.0,low,0.54983922829582,0.45,linear_0.30,0.45,,
IsolationForest,"base=0.45,formula=linear_0.30",3,0.0,low,0.5498108448928121,0.45,linear_0.30,0.45,,
IsolationForest,"base=0.45,formula=linear_0.30",4,0.0,low,0.5527950310559007,0.45,linear_0.30,0.45,,
IsolationForest,"base=0.45,formula=linear_0.30",5,0.0,low,0.5482233502538071,0.45,linear_0.30,0.45,,
IsolationForest,"base=0.45,formula=linear_0.30",6,0.0,low,0.55,0.45,linear_0.30,0.45,,
IsolationForest,"base=0.45,formula=linear_0.30",7,0.0,low,0.5499584832549128,0.45,linear_0.30,0.45,,
IsolationForest,"base=0.45,formula=linear_0.30",8,0.0,low,0.5510204081632653,0.45,linear_0.30,0.45,,
IsolationForest,"base=0.45,formula=linear_0.30",9,0.0,low,0.548936170212766,0.45,linear_0.30,0.45,,
IsolationForest,"base=0.45,formula=linear_0.30",10,0.0,low,0.55,0.45,linear_0.30,0.45,,
IsolationForest,"base=0.45,formula=linear_0.15",1,0.0,low,0.550561797752809,0.45,linear_0.15,0.45,,
IsolationForest,"base=0.45,formula=linear_0.15",2,0.0,low,0.54983922829582,0.45,linear_0.15,0.45,,
IsolationForest,"base=0.45,formula=linear_0.15",3,0.0,low,0.5498108448928121,0.45,linear_0.15,0.45,,
IsolationForest,"base=0.45,formula=linear_0.15",4,0.0,low,0.5527950310559007,0.45,linear_0.15,0.45,,
IsolationForest,"base=0.45,formula=linear_0.15",5,0.0,low,0.5482233502538071,0.45,linear_0.15,0.45,,
IsolationForest,"base=0.45,formula=linear_0.15",6,0.0,low,0.55,0.45,linear_0.15,0.45,,
IsolationForest,"base=0.45,formula=linear_0.15",7,0.0,low,0.5499584832549128,0.45,linear_0.15,0.45,,
IsolationForest,"base=0.45,formula=linear_0.15",8,0.0,low,0.5510204081632653,0.45,linear_0.15,0.45,,
IsolationForest,"base=0.45,formula=linear_0.15",9,0.0,low,0.548936170212766,0.45,linear_0.15,0.45,,
IsolationForest,"base=0.45,formula=linear_0.15",10,0.0,low,0.55,0.45,linear_0.15,0.45,,
DBSCAN,"base=0.5,formula=fixed",1,0.0,low,0.75,,fixed,0.5,0.5,
DBSCAN,"base=0.5,formula=fixed",2,0.0,low,0.96,,fixed,0.5,0.5,
DBSCAN,"base=0.5,formula=fixed",3,0.0,low,0.9814814814814815,,fixed,0.5,0.5,
DBSCAN,"base=0.5,formula=fixed",4,0.0,low,0.875,,fixed,0.5,0.5,
DBSCAN,"base=0.5,formula=fixed",5,0.0,low,0.0,,fixed,0.5,0.5,
DBSCAN,"base=0.5,formula=fixed",6,0.0,low,0.5,,fixed,0.5,0.5,
DBSCAN,"base=0.5,formula=fixed",7,0.0,low,0.75,,fixed,0.5,0.5,
DBSCAN,"base=0.5,formula=fixed",8,0.0,low,0.0,,fixed,0.5,0.5,
DBSCAN,"base=0.5,formula=fixed",9,0.0,low,0.0,,fixed,0.5,0.5,
DBSCAN,"base=0.5,formula=fixed",10,0.0,low,0.9473684210526315,,fixed,0.5,0.5,
DBSCAN,"base=0.5,formula=shrink_0.30",1,0.0,low,0.75,,shrink_0.30,0.5,0.5,
DBSCAN,"base=0.5,formula=shrink_0.30",2,0.0,low,0.96,,shrink_0.30,0.5,0.5,
DBSCAN,"base=0.5,formula=shrink_0.30",3,0.0,low,0.9814814814814815,,shrink_0.30,0.5,0.5,
DBSCAN,"base=0.5,formula=shrink_0.30",4,0.0,low,0.875,,shrink_0.30,0.5,0.5,
DBSCAN,"base=0.5,formula=shrink_0.30",5,0.0,low,0.0,,shrink_0.30,0.5,0.5,
DBSCAN,"base=0.5,formula=shrink_0.30",6,0.0,low,0.5,,shrink_0.30,0.5,0.5,
DBSCAN,"base=0.5,formula=shrink_0.30",7,0.0,low,0.75,,shrink_0.30,0.5,0.5,
DBSCAN,"base=0.5,formula=shrink_0.30",8,0.0,low,0.0,,shrink_0.30,0.5,0.5,
DBSCAN,"base=0.5,formula=shrink_0.30",9,0.0,low,0.0,,shrink_0.30,0.5,0.5,
DBSCAN,"base=0.5,formula=shrink_0.30",10,0.0,low,0.9473684210526315,,shrink_0.30,0.5,0.5,
DBSCAN,"base=0.5,formula=shrink_0.50",1,0.0,low,0.75,,shrink_0.50,0.5,0.5,
DBSCAN,"base=0.5,formula=shrink_0.50",2,0.0,low,0.96,,shrink_0.50,0.5,0.5,
DBSCAN,"base=0.5,formula=shrink_0.50",3,0.0,low,0.9814814814814815,,shrink_0.50,0.5,0.5,
DBSCAN,"base=0.5,formula=shrink_0.50",4,0.0,low,0.875,,shrink_0.50,0.5,0.5,
DBSCAN,"base=0.5,formula=shrink_0.50",5,0.0,low,0.0,,shrink_0.50,0.5,0.5,
DBSCAN,"base=0.5,formula=shrink_0.50",6,0.0,low,0.5,,shrink_0.50,0.5,0.5,
DBSCAN,"base=0.5,formula=shrink_0.50",7,0.0,low,0.75,,shrink_0.50,0.5,0.5,
DBSCAN,"base=0.5,formula=shrink_0.50",8,0.0,low,0.0,,shrink_0.50,0.5,0.5,
DBSCAN,"base=0.5,formula=shrink_0.50",9,0.0,low,0.0,,shrink_0.50,0.5,0.5,
DBSCAN,"base=0.5,formula=shrink_0.50",10,0.0,low,0.9473684210526315,,shrink_0.50,0.5,0.5,
DBSCAN,"base=0.5,formula=inverse_0.50",1,0.0,low,0.75,,inverse_0.50,0.5,0.5,
DBSCAN,"base=0.5,formula=inverse_0.50",2,0.0,low,0.96,,inverse_0.50,0.5,0.5,
DBSCAN,"base=0.5,formula=inverse_0.50",3,0.0,low,0.9814814814814815,,inverse_0.50,0.5,0.5,
DBSCAN,"base=0.5,formula=inverse_0.50",4,0.0,low,0.875,,inverse_0.50,0.5,0.5,
DBSCAN,"base=0.5,formula=inverse_0.50",5,0.0,low,0.0,,inverse_0.50,0.5,0.5,
DBSCAN,"base=0.5,formula=inverse_0.50",6,0.0,low,0.5,,inverse_0.50,0.5,0.5,
DBSCAN,"base=0.5,formula=inverse_0.50",7,0.0,low,0.75,,inverse_0.50,0.5,0.5,
DBSCAN,"base=0.5,formula=inverse_0.50",8,0.0,low,0.0,,inverse_0.50,0.5,0.5,
DBSCAN,"base=0.5,formula=inverse_0.50",9,0.0,low,0.0,,inverse_0.50,0.5,0.5,
DBSCAN,"base=0.5,formula=inverse_0.50",10,0.0,low,0.9473684210526315,,inverse_0.50,0.5,0.5,
DBSCAN,"base=1.0,formula=fixed",1,0.0,low,0.875,,fixed,1.0,1.0,
DBSCAN,"base=1.0,formula=fixed",2,0.0,low,0.9743589743589743,,fixed,1.0,1.0,
DBSCAN,"base=1.0,formula=fixed",3,0.0,low,0.9814814814814815,,fixed,1.0,1.0,
DBSCAN,"base=1.0,formula=fixed",4,0.0,low,0.9333333333333333,,fixed,1.0,1.0,
DBSCAN,"base=1.0,formula=fixed",5,0.0,low,0.875,,fixed,1.0,1.0,
DBSCAN,"base=1.0,formula=fixed",6,0.0,low,0.9333333333333333,,fixed,1.0,1.0,
DBSCAN,"base=1.0,formula=fixed",7,0.0,low,0.9833333333333333,,fixed,1.0,1.0,
DBSCAN,"base=1.0,formula=fixed",8,0.0,low,0.6666666666666666,,fixed,1.0,1.0,
DBSCAN,"base=1.0,formula=fixed",9,0.0,low,0.0,,fixed,1.0,1.0,
DBSCAN,"base=1.0,formula=fixed",10,0.0,low,0.98989898989899,,fixed,1.0,1.0,
DBSCAN,"base=1.0,formula=shrink_0.30",1,0.0,low,0.875,,shrink_0.30,1.0,1.0,
DBSCAN,"base=1.0,formula=shrink_0.30",2,0.0,low,0.9743589743589743,,shrink_0.30,1.0,1.0,
DBSCAN,"base=1.0,formula=shrink_0.30",3,0.0,low,0.9814814814814815,,shrink_0.30,1.0,1.0,
DBSCAN,"base=1.0,formula=shrink_0.30",4,0.0,low,0.9333333333333333,,shrink_0.30,1.0,1.0,
DBSCAN,"base=1.0,formula=shrink_0.30",5,0.0,low,0.875,,shrink_0.30,1.0,1.0,
DBSCAN,"base=1.0,formula=shrink_0.30",6,0.0,low,0.9333333333333333,,shrink_0.30,1.0,1.0,
DBSCAN,"base=1.0,formula=shrink_0.30",7,0.0,low,0.9833333333333333,,shrink_0.30,1.0,1.0,
DBSCAN,"base=1.0,formula=shrink_0.30",8,0.0,low,0.6666666666666666,,shrink_0.30,1.0,1.0,
DBSCAN,"base=1.0,formula=shrink_0.30",9,0.0,low,0.0,,shrink_0.30,1.0,1.0,
DBSCAN,"base=1.0,formula=shrink_0.30",10,0.0,low,0.98989898989899,,shrink_0.30,1.0,1.0,
DBSCAN,"base=1.0,formula=shrink_0.50",1,0.0,low,0.875,,shrink_0.50,1.0,1.0,
DBSCAN,"base=1.0,formula=shrink_0.50",2,0.0,low,0.9743589743589743,,shrink_0.50,1.0,1.0,
DBSCAN,"base=1.0,formula=shrink_0.50",3,0.0,low,0.9814814814814815,,shrink_0.50,1.0,1.0,
DBSCAN,"base=1.0,formula=shrink_0.50",4,0.0,low,0.9333333333333333,,shrink_0.50,1.0,1.0,
DBSCAN,"base=1.0,formula=shrink_0.50",5,0.0,low,0.875,,shrink_0.50,1.0,1.0,
DBSCAN,"base=1.0,formula=shrink_0.50",6,0.0,low,0.9333333333333333,,shrink_0.50,1.0,1.0,
DBSCAN,"base=1.0,formula=shrink_0.50",7,0.0,low,0.9833333333333333,,shrink_0.50,1.0,1.0,
DBSCAN,"base=1.0,formula=shrink_0.50",8,0.0,low,0.6666666666666666,,shrink_0.50,1.0,1.0,
DBSCAN,"base=1.0,formula=shrink_0.50",9,0.0,low,0.0,,shrink_0.50,1.0,1.0,
DBSCAN,"base=1.0,formula=shrink_0.50",10,0.0,low,0.98989898989899,,shrink_0.50,1.0,1.0,
DBSCAN,"base=1.0,formula=inverse_0.50",1,0.0,low,0.875,,inverse_0.50,1.0,1.0,
DBSCAN,"base=1.0,formula=inverse_0.50",2,0.0,low,0.9743589743589743,,inverse_0.50,1.0,1.0,
DBSCAN,"base=1.0,formula=inverse_0.50",3,0.0,low,0.9814814814814815,,inverse_0.50,1.0,1.0,
DBSCAN,"base=1.0,formula=inverse_0.50",4,0.0,low,0.9333333333333333,,inverse_0.50,1.0,1.0,
DBSCAN,"base=1.0,formula=inverse_0.50",5,0.0,low,0.875,,inverse_0.50,1.0,1.0,
DBSCAN,"base=1.0,formula=inverse_0.50",6,0.0,low,0.9333333333333333,,inverse_0.50,1.0,1.0,
DBSCAN,"base=1.0,formula=inverse_0.50",7,0.0,low,0.9833333333333333,,inverse_0.50,1.0,1.0,
DBSCAN,"base=1.0,formula=inverse_0.50",8,0.0,low,0.6666666666666666,,inverse_0.50,1.0,1.0,
DBSCAN,"base=1.0,formula=inverse_0.50",9,0.0,low,0.0,,inverse_0.50,1.0,1.0,
DBSCAN,"base=1.0,formula=inverse_0.50",10,0.0,low,0.98989898989899,,inverse_0.50,1.0,1.0,
DBSCAN,"base=1.5,formula=fixed",1,0.0,low,0.9230769230769231,,fixed,1.5,1.5,
DBSCAN,"base=1.5,formula=fixed",2,0.0,low,0.9642857142857143,,fixed,1.5,1.5,
DBSCAN,"base=1.5,formula=fixed",3,0.0,low,0.9767441860465116,,fixed,1.5,1.5,
DBSCAN,"base=1.5,formula=fixed",4,0.0,low,0.9230769230769231,,fixed,1.5,1.5,
DBSCAN,"base=1.5,formula=fixed",5,0.0,low,0.9090909090909091,,fixed,1.5,1.5,
DBSCAN,"base=1.5,formula=fixed",6,0.0,low,0.9565217391304348,,fixed,1.5,1.5,
DBSCAN,"base=1.5,formula=fixed",7,0.0,low,0.9871794871794872,,fixed,1.5,1.5,
DBSCAN,"base=1.5,formula=fixed",8,0.0,low,0.8,,fixed,1.5,1.5,
DBSCAN,"base=1.5,formula=fixed",9,0.0,low,0.8,,fixed,1.5,1.5,
DBSCAN,"base=1.5,formula=fixed",10,0.0,low,0.9827586206896551,,fixed,1.5,1.5,
DBSCAN,"base=1.5,formula=shrink_0.30",1,0.0,low,0.9230769230769231,,shrink_0.30,1.5,1.5,
DBSCAN,"base=1.5,formula=shrink_0.30",2,0.0,low,0.9642857142857143,,shrink_0.30,1.5,1.5,
DBSCAN,"base=1.5,formula=shrink_0.30",3,0.0,low,0.9767441860465116,,shrink_0.30,1.5,1.5,
DBSCAN,"base=1.5,formula=shrink_0.30",4,0.0,low,0.9230769230769231,,shrink_0.30,1.5,1.5,
DBSCAN,"base=1.5,formula=shrink_0.30",5,0.0,low,0.9090909090909091,,shrink_0.30,1.5,1.5,
DBSCAN,"base=1.5,formula=shrink_0.30",6,0.0,low,0.9565217391304348,,shrink_0.30,1.5,1.5,
DBSCAN,"base=1.5,formula=shrink_0.30",7,0.0,low,0.9871794871794872,,shrink_0.30,1.5,1.5,
DBSCAN,"base=1.5,formula=shrink_0.30",8,0.0,low,0.8,,shrink_0.30,1.5,1.5,
DBSCAN,"base=1.5,formula=shrink_0.30",9,0.0,low,0.8,,shrink_0.30,1.5,1.5,
DBSCAN,"base=1.5,formula=shrink_0.30",10,0.0,low,0.9827586206896551,,shrink_0.30,1.5,1.5,
DBSCAN,"base=1.5,formula=shrink_0.50",1,0.0,low,0.9230769230769231,,shrink_0.50,1.5,1.5,
DBSCAN,"base=1.5,formula=shrink_0.50",2,0.0,low,0.9642857142857143,,shrink_0.50,1.5,1.5,
DBSCAN,"base=1.5,formula=shrink_0.50",3,0.0,low,0.9767441860465116,,shrink_0.50,1.5,1.5,
DBSCAN,"base=1.5,formula=shrink_0.50",4,0.0,low,0.9230769230769231,,shrink_0.50,1.5,1.5,
DBSCAN,"base=1.5,formula=shrink_0.50",5,0.0,low,0.9090909090909091,,shrink_0.50,1.5,1.5,
DBSCAN,"base=1.5,formula=shrink_0.50",6,0.0,low,0.9565217391304348,,shrink_0.50,1.5,1.5,
DBSCAN,"base=1.5,formula=shrink_0.50",7,0.0,low,0.9871794871794872,,shrink_0.50,1.5,1.5,
DBSCAN,"base=1.5,formula=shrink_0.50",8,0.0,low,0.8,,shrink_0.50,1.5,1.5,
DBSCAN,"base=1.5,formula=shrink_0.50",9,0.0,low,0.8,,shrink_0.50,1.5,1.5,
DBSCAN,"base=1.5,formula=shrink_0.50",10,0.0,low,0.9827586206896551,,shrink_0.50,1.5,1.5,
DBSCAN,"base=1.5,formula=inverse_0.50",1,0.0,low,0.9230769230769231,,inverse_0.50,1.5,1.5,
DBSCAN,"base=1.5,formula=inverse_0.50",2,0.0,low,0.9642857142857143,,inverse_0.50,1.5,1.5,
DBSCAN,"base=1.5,formula=inverse_0.50",3,0.0,low,0.9767441860465116,,inverse_0.50,1.5,1.5,
DBSCAN,"base=1.5,formula=inverse_0.50",4,0.0,low,0.9230769230769231,,inverse_0.50,1.5,1.5,
DBSCAN,"base=1.5,formula=inverse_0.50",5,0.0,low,0.9090909090909091,,inverse_0.50,1.5,1.5,
DBSCAN,"base=1.5,formula=inverse_0.50",6,0.0,low,0.9565217391304348,,inverse_0.50,1.5,1.5,
DBSCAN,"base=1.5,formula=inverse_0.50",7,0.0,low,0.9871794871794872,,inverse_0.50,1.5,1.5,
DBSCAN,"base=1.5,formula=inverse_0.50",8,0.0,low,0.8,,inverse_0.50,1.5,1.5,
DBSCAN,"base=1.5,formula=inverse_0.50",9,0.0,low,0.8,,inverse_0.50,1.5,1.5,
DBSCAN,"base=1.5,formula=inverse_0.50",10,0.0,low,0.9827586206896551,,inverse_0.50,1.5,1.5,
DBSCAN,"base=2.0,formula=fixed",1,0.0,low,0.8888888888888888,,fixed,2.0,2.0,
DBSCAN,"base=2.0,formula=fixed",2,0.0,low,0.9411764705882353,,fixed,2.0,2.0,
DBSCAN,"base=2.0,formula=fixed",3,0.0,low,0.9565217391304348,,fixed,2.0,2.0,
DBSCAN,"base=2.0,formula=fixed",4,0.0,low,0.9285714285714286,,fixed,2.0,2.0,
DBSCAN,"base=2.0,formula=fixed",5,0.0,low,0.9,,fixed,2.0,2.0,
DBSCAN,"base=2.0,formula=fixed",6,0.0,low,0.96,,fixed,2.0,2.0,
DBSCAN,"base=2.0,formula=fixed",7,0.0,low,0.9838709677419355,,fixed,2.0,2.0,
DBSCAN,"base=2.0,formula=fixed",8,0.0,low,0.8888888888888888,,fixed,2.0,2.0,
DBSCAN,"base=2.0,formula=fixed",9,0.0,low,0.875,,fixed,2.0,2.0,
DBSCAN,"base=2.0,formula=fixed",10,0.0,low,0.9722222222222222,,fixed,2.0,2.0,
DBSCAN,"base=2.0,formula=shrink_0.30",1,0.0,low,0.8888888888888888,,shrink_0.30,2.0,2.0,
DBSCAN,"base=2.0,formula=shrink_0.30",2,0.0,low,0.9411764705882353,,shrink_0.30,2.0,2.0,
DBSCAN,"base=2.0,formula=shrink_0.30",3,0.0,low,0.9565217391304348,,shrink_0.30,2.0,2.0,
DBSCAN,"base=2.0,formula=shrink_0.30",4,0.0,low,0.9285714285714286,,shrink_0.30,2.0,2.0,
DBSCAN,"base=2.0,formula=shrink_0.30",5,0.0,low,0.9,,shrink_0.30,2.0,2.0,
DBSCAN,"base=2.0,formula=shrink_0.30",6,0.0,low,0.96,,shrink_0.30,2.0,2.0,
DBSCAN,"base=2.0,formula=shrink_0.30",7,0.0,low,0.9838709677419355,,shrink_0.30,2.0,2.0,
DBSCAN,"base=2.0,formula=shrink_0.30",8,0.0,low,0.8888888888888888,,shrink_0.30,2.0,2.0,
DBSCAN,"base=2.0,formula=shrink_0.30",9,0.0,low,0.875,,shrink_0.30,2.0,2.0,
DBSCAN,"base=2.0,formula=shrink_0.30",10,0.0,low,0.9722222222222222,,shrink_0.30,2.0,2.0,
DBSCAN,"base=2.0,formula=shrink_0.50",1,0.0,low,0.8888888888888888,,shrink_0.50,2.0,2.0,
DBSCAN,"base=2.0,formula=shrink_0.50",2,0.0,low,0.9411764705882353,,shrink_0.50,2.0,2.0,
DBSCAN,"base=2.0,formula=shrink_0.50",3,0.0,low,0.9565217391304348,,shrink_0.50,2.0,2.0,
DBSCAN,"base=2.0,formula=shrink_0.50",4,0.0,low,0.9285714285714286,,shrink_0.50,2.0,2.0,
DBSCAN,"base=2.0,formula=shrink_0.50",5,0.0,low,0.9,,shrink_0.50,2.0,2.0,
DBSCAN,"base=2.0,formula=shrink_0.50",6,0.0,low,0.96,,shrink_0.50,2.0,2.0,
DBSCAN,"base=2.0,formula=shrink_0.50",7,0.0,low,0.9838709677419355,,shrink_0.50,2.0,2.0,
DBSCAN,"base=2.0,formula=shrink_0.50",8,0.0,low,0.8888888888888888,,shrink_0.50,2.0,2.0,
DBSCAN,"base=2.0,formula=shrink_0.50",9,0.0,low,0.875,,shrink_0.50,2.0,2.0,
DBSCAN,"base=2.0,formula=shrink_0.50",10,0.0,low,0.9722222222222222,,shrink_0.50,2.0,2.0,
DBSCAN,"base=2.0,formula=inverse_0.50",1,0.0,low,0.8888888888888888,,inverse_0.50,2.0,2.0,
DBSCAN,"base=2.0,formula=inverse_0.50",2,0.0,low,0.9411764705882353,,inverse_0.50,2.0,2.0,
DBSCAN,"base=2.0,formula=inverse_0.50",3,0.0,low,0.9565217391304348,,inverse_0.50,2.0,2.0,
DBSCAN,"base=2.0,formula=inverse_0.50",4,0.0,low,0.9285714285714286,,inverse_0.50,2.0,2.0,
DBSCAN,"base=2.0,formula=inverse_0.50",5,0.0,low,0.9,,inverse_0.50,2.0,2.0,
DBSCAN,"base=2.0,formula=inverse_0.50",6,0.0,low,0.96,,inverse_0.50,2.0,2.0,
DBSCAN,"base=2.0,formula=inverse_0.50",7,0.0,low,0.9838709677419355,,inverse_0.50,2.0,2.0,
DBSCAN,"base=2.0,formula=inverse_0.50",8,0.0,low,0.8888888888888888,,inverse_0.50,2.0,2.0,
DBSCAN,"base=2.0,formula=inverse_0.50",9,0.0,low,0.875,,inverse_0.50,2.0,2.0,
DBSCAN,"base=2.0,formula=inverse_0.50",10,0.0,low,0.9722222222222222,,inverse_0.50,2.0,2.0,
DBSCAN,"base=2.5,formula=fixed",1,0.0,low,0.6666666666666666,,fixed,2.5,2.5,
DBSCAN,"base=2.5,formula=fixed",2,0.0,low,0.9166666666666666,,fixed,2.5,2.5,
DBSCAN,"base=2.5,formula=fixed",3,0.0,low,0.9411764705882353,,fixed,2.5,2.5,
DBSCAN,"base=2.5,formula=fixed",4,0.0,low,0.9285714285714286,,fixed,2.5,2.5,
DBSCAN,"base=2.5,formula=fixed",5,0.0,low,0.8888888888888888,,fixed,2.5,2.5,
DBSCAN,"base=2.5,formula=fixed",6,0.0,low,0.9583333333333334,,fixed,2.5,2.5,
DBSCAN,"base=2.5,formula=fixed",7,0.0,low,0.9705882352941176,,fixed,2.5,2.5,
DBSCAN,"base=2.5,formula=fixed",8,0.0,low,0.9090909090909091,,fixed,2.5,2.5,
DBSCAN,"base=2.5,formula=fixed",9,0.0,low,0.8571428571428571,,fixed,2.5,2.5,
DBSCAN,"base=2.5,formula=fixed",10,0.0,low,0.9666666666666667,,fixed,2.5,2.5,
DBSCAN,"base=2.5,formula=shrink_0.30",1,0.0,low,0.6666666666666666,,shrink_0.30,2.5,2.5,
DBSCAN,"base=2.5,formula=shrink_0.30",2,0.0,low,0.9166666666666666,,shrink_0.30,2.5,2.5,
DBSCAN,"base=2.5,formula=shrink_0.30",3,0.0,low,0.9411764705882353,,shrink_0.30,2.5,2.5,
DBSCAN,"base=2.5,formula=shrink_0.30",4,0.0,low,0.9285714285714286,,shrink_0.30,2.5,2.5,
DBSCAN,"base=2.5,formula=shrink_0.30",5,0.0,low,0.8888888888888888,,shrink_0.30,2.5,2.5,
DBSCAN,"base=2.5,formula=shrink_0.30",6,0.0,low,0.9583333333333334,,shrink_0.30,2.5,2.5,
DBSCAN,"base=2.5,formula=shrink_0.30",7,0.0,low,0.9705882352941176,,shrink_0.30,2.5,2.5,
DBSCAN,"base=2.5,formula=shrink_0.30",8,0.0,low,0.9090909090909091,,shrink_0.30,2.5,2.5,
DBSCAN,"base=2.5,formula=shrink_0.30",9,0.0,low,0.8571428571428571,,shrink_0.30,2.5,2.5,
DBSCAN,"base=2.5,formula=shrink_0.30",10,0.0,low,0.9666666666666667,,shrink_0.30,2.5,2.5,
DBSCAN,"base=2.5,formula=shrink_0.50",1,0.0,low,0.6666666666666666,,shrink_0.50,2.5,2.5,
DBSCAN,"base=2.5,formula=shrink_0.50",2,0.0,low,0.9166666666666666,,shrink_0.50,2.5,2.5,
DBSCAN,"base=2.5,formula=shrink_0.50",3,0.0,low,0.9411764705882353,,shrink_0.50,2.5,2.5,
DBSCAN,"base=2.5,formula=shrink_0.50",4,0.0,low,0.9285714285714286,,shrink_0.50,2.5,2.5,
DBSCAN,"base=2.5,formula=shrink_0.50",5,0.0,low,0.8888888888888888,,shrink_0.50,2.5,2.5,
DBSCAN,"base=2.5,formula=shrink_0.50",6,0.0,low,0.9583333333333334,,shrink_0.50,2.5,2.5,
DBSCAN,"base=2.5,formula=shrink_0.50",7,0.0,low,0.9705882352941176,,shrink_0.50,2.5,2.5,
DBSCAN,"base=2.5,formula=shrink_0.50",8,0.0,low,0.9090909090909091,,shrink_0.50,2.5,2.5,
DBSCAN,"base=2.5,formula=shrink_0.50",9,0.0,low,0.8571428571428571,,shrink_0.50,2.5,2.5,
DBSCAN,"base=2.5,formula=shrink_0.50",10,0.0,low,0.9666666666666667,,shrink_0.50,2.5,2.5,
DBSCAN,"base=2.5,formula=inverse_0.50",1,0.0,low,0.6666666666666666,,inverse_0.50,2.5,2.5,
DBSCAN,"base=2.5,formula=inverse_0.50",2,0.0,low,0.9166666666666666,,inverse_0.50,2.5,2.5,
DBSCAN,"base=2.5,formula=inverse_0.50",3,0.0,low,0.9411764705882353,,inverse_0.50,2.5,2.5,
DBSCAN,"base=2.5,formula=inverse_0.50",4,0.0,low,0.9285714285714286,,inverse_0.50,2.5,2.5,
DBSCAN,"base=2.5,formula=inverse_0.50",5,0.0,low,0.8888888888888888,,inverse_0.50,2.5,2.5,
DBSCAN,"base=2.5,formula=inverse_0.50",6,0.0,low,0.9583333333333334,,inverse_0.50,2.5,2.5,
DBSCAN,"base=2.5,formula=inverse_0.50",7,0.0,low,0.9705882352941176,,inverse_0.50,2.5,2.5,
DBSCAN,"base=2.5,formula=inverse_0.50",8,0.0,low,0.9090909090909091,,inverse_0.50,2.5,2.5,
DBSCAN,"base=2.5,formula=inverse_0.50",9,0.0,low,0.8571428571428571,,inverse_0.50,2.5,2.5,
DBSCAN,"base=2.5,formula=inverse_0.50",10,0.0,low,0.9666666666666667,,inverse_0.50,2.5,2.5,
StatisticalRules,corr_threshold=0.2,1,0.0,low,1.0,,none,0.2,,0.2
StatisticalRules,corr_threshold=0.2,2,0.0,low,0.6,,none,0.2,,0.2
StatisticalRules,corr_threshold=0.2,3,0.0,low,1.0,,none,0.2,,0.2
StatisticalRules,corr_threshold=0.2,4,0.0,low,1.0,,none,0.2,,0.2
StatisticalRules,corr_threshold=0.2,5,0.0,low,1.0,,none,0.2,,0.2
StatisticalRules,corr_threshold=0.2,6,0.0,low,1.0,,none,0.2,,0.2
StatisticalRules,corr_threshold=0.2,7,0.0,low,1.0,,none,0.2,,0.2
StatisticalRules,corr_threshold=0.2,8,0.0,low,1.0,,none,0.2,,0.2
StatisticalRules,corr_threshold=0.2,9,0.0,low,1.0,,none,0.2,,0.2
StatisticalRules,corr_threshold=0.2,10,0.0,low,1.0,,none,0.2,,0.2
StatisticalRules,corr_threshold=0.25,1,0.0,low,1.0,,none,0.25,,0.25
StatisticalRules,corr_threshold=0.25,2,0.0,low,0.6,,none,0.25,,0.25
StatisticalRules,corr_threshold=0.25,3,0.0,low,1.0,,none,0.25,,0.25
StatisticalRules,corr_threshold=0.25,4,0.0,low,1.0,,none,0.25,,0.25
StatisticalRules,corr_threshold=0.25,5,0.0,low,0.8,,none,0.25,,0.25
StatisticalRules,corr_threshold=0.25,6,0.0,low,1.0,,none,0.25,,0.25
StatisticalRules,corr_threshold=0.25,7,0.0,low,1.0,,none,0.25,,0.25
StatisticalRules,corr_threshold=0.25,8,0.0,low,1.0,,none,0.25,,0.25
StatisticalRules,corr_threshold=0.25,9,0.0,low,1.0,,none,0.25,,0.25
StatisticalRules,corr_threshold=0.25,10,0.0,low,1.0,,none,0.25,,0.25
StatisticalRules,corr_threshold=0.3,1,0.0,low,1.0,,none,0.3,,0.3
StatisticalRules,corr_threshold=0.3,2,0.0,low,0.6,,none,0.3,,0.3
StatisticalRules,corr_threshold=0.3,3,0.0,low,1.0,,none,0.3,,0.3
StatisticalRules,corr_threshold=0.3,4,0.0,low,1.0,,none,0.3,,0.3
StatisticalRules,corr_threshold=0.3,5,0.0,low,0.6,,none,0.3,,0.3
StatisticalRules,corr_threshold=0.3,6,0.0,low,1.0,,none,0.3,,0.3
StatisticalRules,corr_threshold=0.3,7,0.0,low,1.0,,none,0.3,,0.3
StatisticalRules,corr_threshold=0.3,8,0.0,low,1.0,,none,0.3,,0.3
StatisticalRules,corr_threshold=0.3,9,0.0,low,1.0,,none,0.3,,0.3
StatisticalRules,corr_threshold=0.3,10,0.0,low,1.0,,none,0.3,,0.3
StatisticalRules,corr_threshold=0.35,1,0.0,low,1.0,,none,0.35,,0.35
StatisticalRules,corr_threshold=0.35,2,0.0,low,0.6,,none,0.35,,0.35
StatisticalRules,corr_threshold=0.35,3,0.0,low,1.0,,none,0.35,,0.35
StatisticalRules,corr_threshold=0.35,4,0.0,low,1.0,,none,0.35,,0.35
StatisticalRules,corr_threshold=0.35,5,0.0,low,0.6,,none,0.35,,0.35
StatisticalRules,corr_threshold=0.35,6,0.0,low,1.0,,none,0.35,,0.35
StatisticalRules,corr_threshold=0.35,7,0.0,low,1.0,,none,0.35,,0.35
StatisticalRules,corr_threshold=0.35,8,0.0,low,1.0,,none,0.35,,0.35
StatisticalRules,corr_threshold=0.35,9,0.0,low,1.0,,none,0.35,,0.35
StatisticalRules,corr_threshold=0.35,10,0.0,low,1.0,,none,0.35,,0.35
StatisticalRules,corr_threshold=0.4,1,0.0,low,1.0,,none,0.4,,0.4
StatisticalRules,corr_threshold=0.4,2,0.0,low,0.6,,none,0.4,,0.4
StatisticalRules,corr_threshold=0.4,3,0.0,low,1.0,,none,0.4,,0.4
StatisticalRules,corr_threshold=0.4,4,0.0,low,1.0,,none,0.4,,0.4
StatisticalRules,corr_threshold=0.4,5,0.0,low,0.6,,none,0.4,,0.4
StatisticalRules,corr_threshold=0.4,6,0.0,low,1.0,,none,0.4,,0.4
StatisticalRules,corr_threshold=0.4,7,0.0,low,1.0,,none,0.4,,0.4
StatisticalRules,corr_threshold=0.4,8,0.0,low,1.0,,none,0.4,,0.4
StatisticalRules,corr_threshold=0.4,9,0.0,low,1.0,,none,0.4,,0.4
StatisticalRules,corr_threshold=0.4,10,0.0,low,1.0,,none,0.4,,0.4
StatisticalRules,corr_threshold=0.45,1,0.0,low,1.0,,none,0.45,,0.45
StatisticalRules,corr_threshold=0.45,2,0.0,low,0.6,,none,0.45,,0.45
StatisticalRules,corr_threshold=0.45,3,0.0,low,1.0,,none,0.45,,0.45
StatisticalRules,corr_threshold=0.45,4,0.0,low,1.0,,none,0.45,,0.45
StatisticalRules,corr_threshold=0.45,5,0.0,low,0.6,,none,0.45,,0.45
StatisticalRules,corr_threshold=0.45,6,0.0,low,1.0,,none,0.45,,0.45
StatisticalRules,corr_threshold=0.45,7,0.0,low,1.0,,none,0.45,,0.45
StatisticalRules,corr_threshold=0.45,8,0.0,low,1.0,,none,0.45,,0.45
StatisticalRules,corr_threshold=0.45,9,0.0,low,1.0,,none,0.45,,0.45
StatisticalRules,corr_threshold=0.45,10,0.0,low,1.0,,none,0.45,,0.45
StatisticalRules,corr_threshold=0.5,1,0.0,low,1.0,,none,0.5,,0.5
StatisticalRules,corr_threshold=0.5,2,0.0,low,0.6,,none,0.5,,0.5
StatisticalRules,corr_threshold=0.5,3,0.0,low,1.0,,none,0.5,,0.5
StatisticalRules,corr_threshold=0.5,4,0.0,low,1.0,,none,0.5,,0.5
StatisticalRules,corr_threshold=0.5,5,0.0,low,0.6,,none,0.5,,0.5
StatisticalRules,corr_threshold=0.5,6,0.0,low,1.0,,none,0.5,,0.5
StatisticalRules,corr_threshold=0.5,7,0.0,low,0.8,,none,0.5,,0.5
StatisticalRules,corr_threshold=0.5,8,0.0,low,1.0,,none,0.5,,0.5
StatisticalRules,corr_threshold=0.5,9,0.0,low,1.0,,none,0.5,,0.5
StatisticalRules,corr_threshold=0.5,10,0.0,low,0.8,,none,0.5,,0.5
